,#,"Country,Other",TotalCases,NewCases,TotalDeaths,NewDeaths,TotalRecovered,NewRecovered,ActiveCases,"Serious,Critical",Tot Cases/1M pop,Deaths/1M pop,TotalTests,Tests/ 1M pop,Population,Continent,1 Caseevery X ppl,1 Deathevery X ppl,1 Testevery X ppl,New Cases/1M pop,New Deaths/1M pop,Active Cases/1M pop
0,,Asia,154077419,293321.0,1429892.0,182.0,146582176.0,396937.0,6065351.0,11372.0,,,,,,Asia,,,,,,
1,,North America,100704653,75038.0,1470905.0,210.0,95363869.0,77086.0,3869879.0,7734.0,,,,,,North America,,,,,,
2,,South America,57404770,18914.0,1297665.0,68.0,53361101.0,23686.0,2746004.0,10517.0,,,,,,South America,,,,,,
3,,Europe,195519629,68104.0,1837189.0,672.0,183912634.0,269973.0,9769806.0,7272.0,,,,,,Europe,,,,,,
4,,Oceania,8396890,40193.0,11824.0,23.0,7908962.0,52124.0,476104.0,139.0,,,,,,Australia/Oceania,,,,,,
5,,Africa,12105072,2244.0,254620.0,25.0,11292531.0,4832.0,557921.0,960.0,,,,,,Africa,,,,,,
6,,,721,,15.0,,706.0,,0.0,0.0,,,,,,,,,,,,
7,,World,528209154,497814.0,6302110.0,1180.0,498421979.0,824638.0,23485065.0,37994.0,67764.0,808.5,,,,All,,,,,,
8,1.0,China,223332,187.0,5223.0,1.0,213834.0,316.0,4275.0,193.0,155.0,4.0,160000000.0,111163.0,1439323776.0,Asia,6445.0,275574.0,9.0,0.1,,3.0
9,2.0,USA,85165383,67627.0,1029200.0,143.0,81701521.0,69374.0,2434662.0,2278.0,254475.0,3075.0,1022513255.0,3055283.0,334670557.0,North America,4.0,325.0,0.0,202.0,0.4,7275.0
10,3.0,India,43140068,1675.0,524490.0,31.0,42600737.0,1635.0,14841.0,698.0,30691.0,373.0,847092226.0,602637.0,1405643436.0,Asia,33.0,2680.0,2.0,1.0,0.02,11.0
11,4.0,Brazil,30803995,12775.0,665727.0,47.0,29851917.0,19898.0,286351.0,8318.0,142999.0,3090.0,63776166.0,296062.0,215414723.0,South America,7.0,324.0,3.0,59.0,0.2,1329.0
12,5.0,France,29359336,4386.0,147917.0,82.0,28609930.0,66962.0,601489.0,1173.0,447917.0,2257.0,271490188.0,4141952.0,65546437.0,Europe,2.0,443.0,0.0,67.0,1.0,9177.0
13,6.0,Germany,26103628,18011.0,138738.0,26.0,24708600.0,106100.0,1256290.0,944.0,309688.0,1646.0,122332384.0,1451324.0,84290181.0,Europe,3.0,608.0,1.0,214.0,0.3,14904.0
14,7.0,UK,22264680,8655.0,178085.0,36.0,21836316.0,17105.0,250279.0,188.0,324748.0,2598.0,522526476.0,7621460.0,68559889.0,Europe,3.0,385.0,0.0,126.0,0.5,3651.0
15,8.0,Russia,18297608,4158.0,378426.0,76.0,17694020.0,5117.0,225162.0,2300.0,125281.0,2591.0,273400000.0,1871927.0,146052700.0,Europe,8.0,386.0,1.0,28.0,0.5,1542.0
16,9.0,S. Korea,17967672,9975.0,23987.0,22.0,17414103.0,42223.0,529582.0,229.0,349889.0,467.0,15804065.0,307756.0,51352557.0,Asia,3.0,2141.0,3.0,194.0,0.4,10313.0
17,10.0,Italy,17258412,10659.0,166032.0,80.0,16258494.0,27490.0,833886.0,291.0,286238.0,2754.0,219525905.0,3640934.0,60293846.0,Europe,3.0,363.0,0.0,177.0,1.0,13830.0
18,11.0,Turkey,15063203,922.0,98929.0,3.0,14961011.0,1105.0,3263.0,975.0,175044.0,1150.0,161664811.0,1878643.0,86054032.0,Asia,6.0,870.0,1.0,11.0,0.03,38.0
19,12.0,Spain,12269777,10568.0,106067.0,40.0,11663588.0,16341.0,500122.0,339.0,262236.0,2267.0,471036328.0,10067246.0,46788996.0,Europe,4.0,441.0,0.0,226.0,0.9,10689.0
20,13.0,Vietnam,10710066,1179.0,43076.0,1.0,9405908.0,3862.0,1261082.0,216.0,108189.0,435.0,85814565.0,866870.0,98993626.0,Asia,9.0,2298.0,1.0,12.0,0.01,12739.0
21,14.0,Argentina,9178795,,128825.0,,8895999.0,,153971.0,300.0,199628.0,2802.0,35716069.0,776783.0,45979494.0,South America,5.0,357.0,1.0,,,3349.0
22,15.0,Japan,8618683,31262.0,30307.0,15.0,8243263.0,32927.0,345113.0,96.0,68541.0,241.0,51460902.0,409248.0,125744956.0,Asia,15.0,4149.0,2.0,249.0,0.1,2745.0
23,16.0,Netherlands,8077872,736.0,22307.0,,8015332.0,4663.0,40233.0,36.0,469466.0,1296.0,21107399.0,1226710.0,17206513.0,Europe,2.0,771.0,1.0,43.0,,2338.0
24,17.0,Iran,7230321,268.0,141281.0,7.0,7035798.0,1812.0,53242.0,649.0,84050.0,1642.0,52031785.0,604849.0,86024467.0,Asia,12.0,609.0,2.0,3.0,0.08,619.0
25,18.0,Australia,6983004,34036.0,8110.0,13.0,6608390.0,44873.0,366504.0,106.0,267969.0,311.0,71279851.0,2735328.0,26058980.0,Australia/Oceania,4.0,3213.0,0.0,1306.0,0.5,14064.0
26,19.0,Colombia,6099111,,139833.0,,5930545.0,,28733.0,342.0,117499.0,2694.0,34792844.0,670282.0,51907759.0,South America,9.0,371.0,1.0,,,554.0
27,20.0,Indonesia,6052764,174.0,156534.0,12.0,5893340.0,929.0,2890.0,2771.0,21695.0,561.0,98171807.0,351884.0,278989294.0,Asia,46.0,1782.0,3.0,0.6,0.04,10.0
28,21.0,Poland,6005595,64.0,116268.0,,5335252.0,2.0,554075.0,981.0,159012.0,3078.0,36286936.0,960778.0,37768292.0,Europe,6.0,325.0,1.0,2.0,,14670.0
29,22.0,Mexico,5758597,857.0,324765.0,25.0,5053494.0,443.0,380338.0,4798.0,43794.0,2470.0,15897804.0,120903.0,131492596.0,North America,23.0,405.0,8.0,7.0,0.2,2892.0
30,23.0,Ukraine,5011433,129.0,108538.0,5.0,,,,177.0,115905.0,2510.0,19521252.0,451490.0,43237412.0,Europe,9.0,398.0,2.0,3.0,0.1,19540.0
31,24.0,Malaysia,4492864,1544.0,35645.0,2.0,4432071.0,2905.0,25148.0,39.0,135533.0,1075.0,59607632.0,1798140.0,33149614.0,Asia,7.0,930.0,1.0,47.0,0.06,759.0
32,25.0,Thailand,4415593,4099.0,29778.0,29.0,4334812.0,8856.0,51003.0,1496.0,62962.0,425.0,17270775.0,246265.0,70130938.0,Asia,16.0,2355.0,4.0,58.0,0.4,727.0
33,26.0,Austria,4235183,1753.0,18599.0,252.0,4173311.0,3940.0,43273.0,52.0,465225.0,2043.0,186421071.0,20477940.0,9103507.0,Europe,2.0,489.0,0.0,193.0,28.0,4753.0
34,27.0,Belgium,4143408,2316.0,31710.0,8.0,3990880.0,6764.0,120818.0,92.0,354594.0,2714.0,34011375.0,2910703.0,11684936.0,Europe,3.0,368.0,0.0,198.0,0.7,10340.0
35,28.0,Israel,4123806,2480.0,10833.0,6.0,4098862.0,2290.0,14111.0,150.0,442184.0,1162.0,41373364.0,4436346.0,9326000.0,Asia,2.0,861.0,0.0,266.0,0.6,1513.0
36,29.0,Portugal,4066674,,22583.0,,,,,61.0,401031.0,2227.0,42298739.0,4171252.0,10140537.0,Europe,2.0,449.0,0.0,,,115173.0
37,30.0,South Africa,3931534,1662.0,100952.0,19.0,3773111.0,4160.0,57471.0,192.0,64747.0,1663.0,25081137.0,413050.0,60721721.0,Africa,15.0,601.0,2.0,27.0,0.3,946.0
38,31.0,Czechia,3918132,63.0,40271.0,,3876213.0,501.0,1648.0,6.0,364595.0,3747.0,55366573.0,5152046.0,10746522.0,Europe,3.0,267.0,0.0,6.0,,153.0
39,32.0,Canada,3847863,865.0,40695.0,16.0,3516903.0,,290265.0,370.0,100290.0,1061.0,61679093.0,1607587.0,38367496.0,North America,10.0,943.0,1.0,23.0,0.4,7565.0
40,33.0,Philippines,3689132,191.0,60455.0,,3626406.0,172.0,2271.0,480.0,32840.0,538.0,30029881.0,267319.0,112337122.0,Asia,30.0,1858.0,4.0,2.0,,20.0
41,34.0,Switzerland,3649737,561.0,13948.0,,3579618.0,3619.0,56171.0,71.0,415961.0,1590.0,20991820.0,2392441.0,8774226.0,Europe,2.0,629.0,0.0,64.0,,6402.0
42,35.0,Chile,3647361,4225.0,57810.0,8.0,3486661.0,2663.0,102890.0,136.0,187754.0,2976.0,38123516.0,1962470.0,19426290.0,South America,5.0,336.0,1.0,217.0,0.4,5296.0
43,36.0,Peru,3576309,267.0,213116.0,10.0,,,,189.0,105684.0,6298.0,30448621.0,899788.0,33839763.0,South America,9.0,159.0,1.0,8.0,0.3,48538.0
44,37.0,Greece,3422233,2235.0,29711.0,21.0,3346122.0,4750.0,46400.0,151.0,331391.0,2877.0,81883919.0,7929209.0,10326871.0,Europe,3.0,348.0,0.0,216.0,2.0,4493.0
45,38.0,Denmark,2980843,1605.0,6330.0,18.0,2965874.0,531.0,8639.0,11.0,511228.0,1086.0,127377418.0,21845818.0,5830746.0,Europe,2.0,921.0,0.0,275.0,3.0,1482.0
46,39.0,Romania,2906285,234.0,65654.0,2.0,,,,101.0,153001.0,3456.0,23065296.0,1214266.0,18995264.0,Europe,7.0,289.0,1.0,12.0,0.1,12317.0
47,40.0,DPRK,2814380,167650.0,68.0,1.0,2334910.0,267640.0,479402.0,,108277.0,3.0,,,25992302.0,Asia,9.0,382240.0,,6450.0,0.04,18444.0
48,41.0,Sweden,2506607,,18908.0,,2480483.0,413.0,7216.0,7.0,245306.0,1850.0,18573144.0,1817641.0,10218267.0,Europe,4.0,540.0,1.0,,,706.0
49,42.0,Iraq,2327387,118.0,25218.0,2.0,2301061.0,142.0,1108.0,10.0,55510.0,601.0,18561155.0,442694.0,41927700.0,Asia,18.0,1663.0,2.0,3.0,0.05,26.0
50,43.0,Serbia,2015382,296.0,16068.0,3.0,1992675.0,595.0,6639.0,8.0,232431.0,1853.0,9656839.0,1113709.0,8670881.0,Europe,4.0,540.0,1.0,34.0,0.3,766.0
51,44.0,Bangladesh,1953264,31.0,29130.0,2.0,1901157.0,193.0,22977.0,1259.0,11641.0,174.0,14090035.0,83974.0,167789957.0,Asia,86.0,5760.0,12.0,0.2,0.01,137.0
52,45.0,Hungary,1914697,,46446.0,,1830803.0,,37448.0,21.0,199157.0,4831.0,11394556.0,1185204.0,9614006.0,Europe,5.0,207.0,1.0,,,3895.0
53,46.0,Slovakia,1788490,38.0,20081.0,1.0,1765106.0,50.0,3303.0,30.0,327284.0,3675.0,7138024.0,1306221.0,5464639.0,Europe,3.0,272.0,1.0,7.0,0.2,604.0
54,47.0,Jordan,1694216,,14048.0,,1678941.0,,1227.0,124.0,162991.0,1351.0,16670254.0,1603750.0,10394545.0,Asia,6.0,740.0,1.0,,,118.0
55,48.0,Georgia,1655221,,16811.0,,1637293.0,,1117.0,,416439.0,4230.0,16920079.0,4256946.0,3974699.0,Asia,2.0,236.0,0.0,,,281.0
56,49.0,Ireland,1551835,,7244.0,,1525470.0,1546.0,19121.0,28.0,307781.0,1437.0,12193391.0,2418356.0,5042016.0,Europe,3.0,696.0,0.0,,,3792.0
57,50.0,Pakistan,1529834,49.0,30379.0,,1496123.0,69.0,3332.0,87.0,6681.0,133.0,28473285.0,124340.0,228996173.0,Asia,150.0,7538.0,8.0,0.2,,15.0
58,51.0,Norway,1431697,406.0,3094.0,,,,,20.0,260245.0,562.0,11002430.0,1999952.0,5501348.0,Europe,4.0,1778.0,1.0,74.0,,243513.0
59,52.0,Taiwan,1386584,66227.0,1436.0,40.0,172535.0,23075.0,1212613.0,,58020.0,60.0,17249430.0,721787.0,23898230.0,Asia,17.0,16642.0,1.0,2771.0,2.0,50741.0
60,53.0,Kazakhstan,1305697,6.0,13661.0,,1291885.0,5.0,151.0,24.0,68001.0,711.0,11575012.0,602830.0,19201122.0,Asia,15.0,1406.0,2.0,0.3,,8.0
61,54.0,Singapore,1272386,2751.0,1377.0,2.0,1193116.0,4285.0,77893.0,6.0,214304.0,232.0,23877882.0,4021680.0,5937290.0,Asia,5.0,4312.0,0.0,463.0,0.3,13119.0
62,55.0,Hong Kong,1210586,190.0,9370.0,,,,,5.0,159038.0,1231.0,44972952.0,5908227.0,7611920.0,Asia,6.0,812.0,0.0,25.0,,156069.0
63,56.0,Morocco,1166716,88.0,16075.0,,1149656.0,55.0,985.0,293.0,30917.0,426.0,11237010.0,297769.0,37737287.0,Africa,32.0,2348.0,3.0,2.0,,26.0
64,57.0,Bulgaria,1163706,293.0,37106.0,13.0,1044355.0,1716.0,82245.0,41.0,169893.0,5417.0,9971266.0,1455736.0,6849639.0,Europe,6.0,185.0,1.0,43.0,2.0,12007.0
65,58.0,Croatia,1134269,37.0,15968.0,2.0,1115682.0,522.0,2619.0,5.0,279553.0,3935.0,4859993.0,1197797.0,4057442.0,Europe,4.0,254.0,1.0,9.0,0.5,645.0
66,59.0,New Zealand,1105317,6067.0,1017.0,10.0,1049783.0,7105.0,54517.0,,220971.0,203.0,7153172.0,1430034.0,5002100.0,Australia/Oceania,5.0,4918.0,1.0,1213.0,2.0,10899.0
67,60.0,Cuba,1105016,37.0,8529.0,,1096163.0,46.0,324.0,23.0,97672.0,754.0,12920253.0,1142016.0,11313553.0,North America,10.0,1326.0,1.0,3.0,,29.0
68,61.0,Lebanon,1098640,64.0,10418.0,1.0,1085901.0,219.0,2321.0,186.0,162336.0,1539.0,4795578.0,708598.0,6767700.0,Asia,6.0,650.0,1.0,9.0,0.1,343.0
69,62.0,Finland,1081225,,4406.0,,,,,21.0,194570.0,793.0,10873312.0,1956693.0,5556984.0,Europe,5.0,1261.0,1.0,,,185500.0
70,63.0,Lithuania,1061559,24.0,9135.0,1.0,1035107.0,,17317.0,11.0,400504.0,3446.0,9967630.0,3760578.0,2650558.0,Europe,2.0,290.0,0.0,9.0,0.4,6533.0
71,64.0,Tunisia,1041789,,28628.0,,,,,29.0,86439.0,2375.0,4607327.0,382277.0,12052313.0,Africa,12.0,421.0,3.0,,,-1128.0
72,65.0,Slovenia,1022616,102.0,6630.0,1.0,1009445.0,203.0,6541.0,7.0,491766.0,3188.0,2662278.0,1280263.0,2079478.0,Europe,2.0,314.0,1.0,49.0,0.5,3146.0
73,66.0,Belarus,982867,,6978.0,,,,,,104079.0,739.0,13220483.0,1399963.0,9443450.0,Europe,10.0,1353.0,1.0,,,5014.0
74,67.0,Nepal,979076,8.0,11952.0,,966991.0,16.0,133.0,,32498.0,397.0,5687735.0,188792.0,30126986.0,Asia,31.0,2521.0,5.0,0.3,,4.0
75,68.0,Uruguay,915151,1509.0,7224.0,2.0,900835.0,684.0,7092.0,18.0,261735.0,2066.0,6114822.0,1748851.0,3496479.0,South America,4.0,484.0,1.0,432.0,0.6,2028.0
76,69.0,Bolivia,907307,83.0,21945.0,1.0,866011.0,332.0,19351.0,220.0,75774.0,1833.0,2705422.0,225943.0,11973906.0,South America,13.0,546.0,4.0,7.0,0.08,1616.0
77,70.0,UAE,905151,321.0,2302.0,,888939.0,355.0,13910.0,,89475.0,228.0,160728161.0,15888173.0,10116214.0,Asia,11.0,4395.0,0.0,32.0,,1375.0
78,71.0,Costa Rica,888800,1375.0,8490.0,1.0,853453.0,1066.0,26857.0,38.0,171516.0,1638.0,4487906.0,866053.0,5182023.0,North America,6.0,610.0,1.0,265.0,0.2,5183.0
79,72.0,Ecuador,874719,,35617.0,,,,,759.0,48196.0,1962.0,2470170.0,136103.0,18149286.0,South America,21.0,510.0,7.0,,,21776.0
80,73.0,Guatemala,856576,80.0,17969.0,15.0,836034.0,158.0,2573.0,5.0,46197.0,969.0,4608728.0,248560.0,18541738.0,North America,22.0,1032.0,4.0,4.0,0.8,139.0
81,74.0,Panama,832045,1758.0,8229.0,2.0,797202.0,3156.0,26614.0,16.0,187266.0,1852.0,6140979.0,1382135.0,4443110.0,North America,5.0,540.0,1.0,396.0,0.5,5990.0
82,75.0,Latvia,827201,345.0,5815.0,2.0,818845.0,588.0,2541.0,7.0,447908.0,3149.0,7241076.0,3920852.0,1846812.0,Europe,2.0,318.0,0.0,187.0,1.0,1376.0
83,76.0,Azerbaijan,792714,2.0,9710.0,,782957.0,,47.0,,76874.0,942.0,6874348.0,666644.0,10311877.0,Asia,13.0,1062.0,2.0,0.2,,5.0
84,77.0,Saudi Arabia,763692,650.0,9131.0,1.0,748030.0,538.0,6531.0,73.0,21309.0,255.0,42358052.0,1181920.0,35838346.0,Asia,47.0,3925.0,1.0,18.0,0.03,182.0
85,78.0,Sri Lanka,663765,7.0,16512.0,,646939.0,2.0,314.0,,30754.0,765.0,6486117.0,300521.0,21582910.0,Asia,33.0,1307.0,3.0,0.3,,15.0
86,79.0,Paraguay,650283,,18885.0,,624673.0,,6725.0,4.0,89103.0,2588.0,2633737.0,360880.0,7298098.0,South America,11.0,386.0,3.0,,,921.0
87,80.0,Kuwait,632781,,2555.0,,629695.0,,531.0,4.0,144144.0,582.0,8098920.0,1844893.0,4389913.0,Asia,7.0,1718.0,1.0,,,121.0
88,81.0,Myanmar,613227,5.0,19434.0,,592189.0,3.0,1604.0,,11130.0,353.0,8147519.0,147870.0,55099083.0,Asia,90.0,2835.0,7.0,0.09,,29.0
89,82.0,Palestine,582363,117.0,5356.0,1.0,576879.0,115.0,128.0,17.0,109355.0,1006.0,3078533.0,578079.0,5325451.0,Asia,9.0,994.0,2.0,22.0,0.2,24.0
90,83.0,Bahrain,581866,495.0,1483.0,1.0,576076.0,606.0,4307.0,5.0,320891.0,818.0,9819506.0,5415316.0,1813284.0,Asia,3.0,1223.0,0.0,273.0,0.6,2375.0
91,84.0,Dominican Republic,581464,113.0,4377.0,,576408.0,261.0,679.0,1.0,52605.0,396.0,3324187.0,300737.0,11053480.0,North America,19.0,2525.0,3.0,10.0,,61.0
92,85.0,Estonia,575094,,2561.0,,516588.0,,55945.0,4.0,432981.0,1928.0,3357306.0,2527671.0,1328221.0,Europe,2.0,519.0,0.0,,,42120.0
93,86.0,Venezuela,523377,34.0,5716.0,,516556.0,50.0,1105.0,230.0,18505.0,202.0,3359014.0,118761.0,28283717.0,South America,54.0,4948.0,8.0,1.0,,39.0
94,87.0,Moldova,517753,,11503.0,,504142.0,,2108.0,49.0,128915.0,2864.0,3216305.0,800823.0,4016249.0,Europe,8.0,349.0,1.0,,,525.0
95,88.0,Egypt,515645,,24613.0,,442182.0,,48850.0,122.0,4865.0,232.0,3693367.0,34849.0,105981201.0,Africa,206.0,4306.0,29.0,,,461.0
96,89.0,Libya,501904,,6430.0,,490973.0,,4501.0,101.0,71214.0,912.0,2477219.0,351486.0,7047854.0,Africa,14.0,1096.0,3.0,,,639.0
97,90.0,Cyprus,477711,,1032.0,,124370.0,,352309.0,60.0,390297.0,843.0,9477138.0,7742962.0,1223968.0,Asia,3.0,1186.0,0.0,,,287842.0
98,91.0,Ethiopia,471423,50.0,7512.0,,455815.0,5.0,8096.0,10.0,3917.0,62.0,4871615.0,40481.0,120343151.0,Africa,255.0,16020.0,25.0,0.4,,67.0
99,92.0,Mongolia,469885,,2179.0,,313256.0,,154450.0,192.0,139100.0,645.0,4030048.0,1193012.0,3378044.0,Asia,7.0,1550.0,1.0,,,45722.0
100,93.0,Honduras,424859,88.0,10896.0,,132401.0,,281562.0,105.0,41644.0,1068.0,1372779.0,134556.0,10202266.0,North America,24.0,936.0,7.0,9.0,,27598.0
101,94.0,Armenia,422939,22.0,8624.0,1.0,412240.0,169.0,2075.0,,142226.0,2900.0,3089295.0,1038869.0,2973709.0,Asia,7.0,345.0,1.0,7.0,0.3,698.0
102,95.0,Réunion,411363,,770.0,,403795.0,,6798.0,10.0,453350.0,849.0,1603660.0,1767340.0,907386.0,Africa,2.0,1178.0,1.0,,,7492.0
103,96.0,Oman,389473,,4260.0,,384669.0,,544.0,2.0,72772.0,796.0,25000000.0,4671177.0,5351970.0,Asia,14.0,1256.0,0.0,,,102.0
104,97.0,Bosnia and Herzegovina,377745,36.0,15785.0,2.0,,,,,116506.0,4869.0,1772985.0,546835.0,3242268.0,Europe,9.0,205.0,2.0,11.0,0.6,52353.0
105,98.0,Qatar,367272,173.0,677.0,,365538.0,123.0,1057.0,,130804.0,241.0,3514885.0,1251827.0,2807805.0,Asia,8.0,4147.0,1.0,62.0,,376.0
106,99.0,Kenya,324274,32.0,5651.0,,318324.0,48.0,299.0,,5790.0,101.0,3650765.0,65182.0,56008989.0,Africa,173.0,9911.0,15.0,0.6,,5.0
107,100.0,Zambia,321195,49.0,3985.0,,316628.0,110.0,582.0,,16594.0,206.0,3468197.0,179175.0,19356502.0,Africa,60.0,4857.0,6.0,3.0,,30.0
108,101.0,North Macedonia,311350,151.0,9297.0,,301545.0,184.0,508.0,,149457.0,4463.0,2042804.0,980603.0,2083212.0,Europe,7.0,224.0,1.0,72.0,,244.0
109,102.0,Botswana,306614,,2692.0,,303619.0,,303.0,1.0,125593.0,1103.0,2026898.0,830241.0,2441337.0,Africa,8.0,907.0,1.0,,,124.0
110,103.0,Albania,275881,17.0,3497.0,,272162.0,37.0,222.0,2.0,96064.0,1218.0,1823510.0,634958.0,2871860.0,Europe,10.0,821.0,2.0,6.0,,77.0
111,104.0,Algeria,265855,1.0,6875.0,,178386.0,,80594.0,6.0,5863.0,152.0,230861.0,5091.0,45347181.0,Africa,171.0,6596.0,196.0,0.02,,1777.0
112,105.0,Nigeria,255937,,3143.0,,249996.0,,2798.0,11.0,1186.0,15.0,5152011.0,23875.0,215791441.0,Africa,843.0,68658.0,42.0,,,13.0
113,106.0,Zimbabwe,250702,60.0,5495.0,1.0,243093.0,60.0,2114.0,12.0,16416.0,360.0,2309583.0,151232.0,15271763.0,Africa,61.0,2779.0,7.0,4.0,0.07,138.0
114,107.0,Luxembourg,244182,,1073.0,,235939.0,,7170.0,,378447.0,1663.0,4248188.0,6584082.0,645221.0,Europe,3.0,601.0,0.0,,,11112.0
115,108.0,Uzbekistan,238940,11.0,1637.0,,237161.0,15.0,142.0,23.0,6949.0,48.0,1377915.0,40072.0,34385774.0,Asia,144.0,21005.0,25.0,0.3,,4.0
116,109.0,Montenegro,236762,41.0,2719.0,,233404.0,42.0,639.0,6.0,376880.0,4328.0,2470598.0,3932721.0,628216.0,Europe,3.0,231.0,0.0,65.0,,1017.0
117,110.0,Mozambique,225586,9.0,2203.0,2.0,223303.0,24.0,80.0,13.0,6855.0,67.0,1323460.0,40215.0,32909544.0,Africa,146.0,14939.0,25.0,0.3,0.06,2.0
118,111.0,Laos,209784,56.0,754.0,,,,,,28065.0,101.0,1232128.0,164832.0,7475055.0,Asia,36.0,9914.0,6.0,7.0,,26939.0
119,112.0,Kyrgyzstan,200993,,2991.0,,196406.0,,1596.0,131.0,29876.0,445.0,1907195.0,283489.0,6727581.0,Asia,33.0,2249.0,4.0,,,237.0
120,113.0,Iceland,187495,71.0,153.0,,,,,,542790.0,443.0,1925385.0,5573911.0,345428.0,Europe,2.0,2258.0,0.0,206.0,,323242.0
121,114.0,Afghanistan,179716,,7698.0,,162741.0,,9277.0,1124.0,4428.0,190.0,958454.0,23616.0,40584648.0,Asia,226.0,5272.0,42.0,,,229.0
122,115.0,Maldives,179662,102.0,298.0,,163687.0,,15677.0,25.0,321668.0,534.0,2213831.0,3963660.0,558532.0,Asia,3.0,1874.0,0.0,183.0,,28068.0
123,116.0,Namibia,164953,103.0,4033.0,1.0,157953.0,138.0,2967.0,,62771.0,1535.0,1030613.0,392189.0,2627849.0,Africa,16.0,652.0,3.0,39.0,0.4,1129.0
124,117.0,Martinique,164411,,931.0,,104.0,,163376.0,8.0,438763.0,2485.0,828928.0,2212156.0,374715.0,North America,2.0,402.0,0.0,,,436001.0
125,118.0,Uganda,164069,,3596.0,,100205.0,,60268.0,2.0,3385.0,74.0,2612795.0,53906.0,48469482.0,Africa,295.0,13479.0,19.0,,,1243.0
126,119.0,El Salvador,162089,,4131.0,1.0,150662.0,,7296.0,8.0,24754.0,631.0,1950448.0,297867.0,6548050.0,North America,40.0,1585.0,3.0,,0.2,1114.0
127,120.0,Ghana,161351,,1445.0,,159865.0,,41.0,1.0,4996.0,45.0,2447185.0,75768.0,32298375.0,Africa,200.0,22352.0,13.0,,,1.0
128,121.0,Trinidad and Tobago,158668,443.0,3895.0,2.0,145462.0,659.0,9311.0,18.0,112686.0,2766.0,738081.0,524186.0,1408052.0,North America,9.0,362.0,2.0,315.0,1.0,6613.0
129,122.0,Brunei,146775,269.0,222.0,1.0,144943.0,271.0,1610.0,,329539.0,498.0,717784.0,1611567.0,445395.0,Asia,3.0,2006.0,1.0,604.0,2.0,3615.0
130,123.0,Guadeloupe,140130,,854.0,,2250.0,,137026.0,19.0,350104.0,2134.0,938039.0,2343615.0,400253.0,North America,3.0,469.0,0.0,,,342348.0
131,124.0,Cambodia,136262,,3056.0,,133201.0,,5.0,,7942.0,178.0,2964585.0,172800.0,17156191.0,Asia,126.0,5614.0,6.0,,,0.3
132,125.0,Jamaica,135093,433.0,3037.0,5.0,86163.0,118.0,45893.0,,45248.0,1017.0,1055693.0,353596.0,2985591.0,North America,22.0,983.0,3.0,145.0,2.0,15371.0
133,126.0,Rwanda,129988,10.0,1459.0,,45522.0,,83007.0,,9587.0,108.0,5390797.0,397588.0,13558755.0,Africa,104.0,9293.0,3.0,0.7,,6122.0
134,127.0,Cameroon,119780,,1927.0,,117791.0,,62.0,13.0,4310.0,69.0,1751774.0,63027.0,27794163.0,Africa,232.0,14424.0,16.0,,,2.0
135,128.0,Angola,99194,,1900.0,,97149.0,,145.0,,2851.0,55.0,1499795.0,43101.0,34797342.0,Africa,351.0,18314.0,23.0,,,4.0
136,129.0,Malta,94113,67.0,718.0,1.0,91240.0,142.0,2155.0,4.0,212078.0,1618.0,1914941.0,4315214.0,443765.0,Europe,5.0,618.0,0.0,151.0,2.0,4856.0
137,130.0,DRC,87633,,1338.0,,50930.0,,35365.0,,925.0,14.0,846704.0,8940.0,94704467.0,Africa,1081.0,70781.0,112.0,,,373.0
138,131.0,Senegal,86075,2.0,1966.0,,84092.0,6.0,17.0,,4897.0,112.0,1088831.0,61945.0,17577446.0,Africa,204.0,8941.0,16.0,0.1,,1.0
139,132.0,Malawi,85935,6.0,2638.0,,82848.0,49.0,449.0,67.0,4283.0,131.0,581687.0,28992.0,20063762.0,Africa,233.0,7606.0,34.0,0.3,,22.0
140,133.0,French Guiana,82313,,397.0,,11254.0,,70662.0,1.0,262723.0,1267.0,635980.0,2029894.0,313307.0,South America,4.0,789.0,0.0,,,225536.0
141,134.0,Ivory Coast,82070,26.0,799.0,,81235.0,22.0,36.0,,2972.0,29.0,1515956.0,54902.0,27612248.0,Africa,336.0,34559.0,18.0,0.9,,1.0
142,135.0,Suriname,80240,,1339.0,,49466.0,,29435.0,,134503.0,2245.0,236652.0,396691.0,596565.0,South America,7.0,446.0,3.0,,,49341.0
143,136.0,Barbados,79049,130.0,440.0,,74772.0,575.0,3837.0,,274438.0,1528.0,680193.0,2361453.0,288040.0,North America,4.0,655.0,0.0,451.0,,13321.0
144,137.0,Channel Islands,75767,,176.0,,74979.0,,612.0,,428326.0,995.0,1252808.0,7082373.0,176891.0,Europe,2.0,1005.0,0.0,,,3460.0
145,138.0,French Polynesia,72876,18.0,649.0,,,,,7.0,256626.0,2285.0,,,283977.0,Australia/Oceania,4.0,438.0,,63.0,,136374.0
146,139.0,Eswatini,72202,52.0,1404.0,,70383.0,84.0,415.0,11.0,61040.0,1187.0,1024835.0,866401.0,1182864.0,Africa,16.0,842.0,1.0,44.0,,351.0
147,140.0,Fiji,64898,3.0,862.0,,63010.0,79.0,1026.0,,71417.0,949.0,526353.0,579224.0,908721.0,Australia/Oceania,14.0,1054.0,2.0,3.0,,1129.0
148,141.0,Madagascar,64314,,1393.0,,59370.0,,3551.0,6.0,2215.0,48.0,435827.0,15010.0,29035805.0,Africa,451.0,20844.0,67.0,,,122.0
149,142.0,Guyana,64297,21.0,1231.0,,62515.0,59.0,551.0,,81007.0,1551.0,620491.0,781747.0,793724.0,South America,12.0,645.0,1.0,26.0,,694.0
150,143.0,Sudan,62229,18.0,4939.0,2.0,,,,,1359.0,108.0,562941.0,12296.0,45783425.0,Africa,736.0,9270.0,81.0,0.4,0.04,370.0
151,144.0,New Caledonia,61514,,312.0,,60620.0,,582.0,9.0,211617.0,1073.0,98964.0,340451.0,290685.0,Australia/Oceania,5.0,932.0,3.0,,,2002.0
152,145.0,Bhutan,59614,40.0,21.0,,59564.0,55.0,29.0,,75685.0,27.0,2303734.0,2924767.0,787664.0,Asia,13.0,37508.0,0.0,51.0,,37.0
153,146.0,Mauritania,59047,22.0,982.0,,57797.0,21.0,268.0,,12098.0,201.0,825510.0,169143.0,4880531.0,Africa,83.0,4970.0,6.0,5.0,,55.0
154,147.0,Belize,58617,198.0,677.0,,56972.0,86.0,968.0,6.0,142528.0,1646.0,557357.0,1355219.0,411267.0,North America,7.0,607.0,1.0,481.0,,2354.0
155,148.0,Cabo Verde,56172,,401.0,,55669.0,,102.0,23.0,98999.0,707.0,400982.0,706703.0,567398.0,Africa,10.0,1415.0,1.0,,,180.0
156,149.0,Syria,55880,1.0,3150.0,,52610.0,9.0,120.0,,3053.0,172.0,146269.0,7991.0,18303792.0,Asia,328.0,5811.0,125.0,0.05,,7.0
157,150.0,Gabon,47622,,304.0,,47303.0,,15.0,,20483.0,131.0,1595381.0,686200.0,2324950.0,Africa,49.0,7648.0,1.0,,,6.0
158,151.0,Papua New Guinea,44403,9.0,651.0,,43733.0,7.0,19.0,7.0,4791.0,70.0,249149.0,26885.0,9267243.0,Australia/Oceania,209.0,14235.0,37.0,1.0,,2.0
159,152.0,Seychelles,43729,,167.0,,43040.0,,522.0,,439496.0,1678.0,,,99498.0,Africa,2.0,596.0,,,,5246.0
160,153.0,Curaçao,43522,,276.0,,42622.0,,624.0,3.0,263194.0,1669.0,496693.0,3003689.0,165361.0,North America,4.0,599.0,0.0,,,3774.0
161,154.0,Andorra,42572,,153.0,,41757.0,,662.0,14.0,549323.0,1974.0,249838.0,3223758.0,77499.0,Europe,2.0,507.0,0.0,,,8542.0
162,155.0,Burundi,41850,22.0,38.0,,,,,,3332.0,3.0,345742.0,27528.0,12559717.0,Africa,300.0,330519.0,36.0,2.0,,3268.0
163,156.0,Mauritius,37985,16.0,996.0,,36327.0,38.0,662.0,,29775.0,781.0,358675.0,281147.0,1275756.0,Africa,34.0,1281.0,4.0,13.0,,519.0
164,157.0,Mayotte,37523,,187.0,,2964.0,,34372.0,,131544.0,656.0,176919.0,620224.0,285250.0,Africa,8.0,1525.0,2.0,,,120498.0
165,158.0,Togo,37049,3.0,273.0,,36750.0,3.0,26.0,,4285.0,32.0,738358.0,85406.0,8645281.0,Africa,233.0,31668.0,12.0,0.3,,3.0
166,159.0,Guinea,36597,,442.0,,36113.0,,42.0,8.0,2651.0,32.0,660107.0,47814.0,13805699.0,Africa,377.0,31235.0,21.0,,,3.0
167,160.0,Aruba,36316,,213.0,,35808.0,,295.0,,337437.0,1979.0,177885.0,1652853.0,107623.0,North America,3.0,505.0,1.0,,,2741.0
168,161.0,Tanzania,35354,,840.0,,,,,7.0,562.0,13.0,,,62948129.0,Africa,1781.0,74938.0,,,,545.0
169,162.0,Faeroe Islands,34658,,28.0,,,,,5.0,704231.0,569.0,778000.0,15808510.0,49214.0,Europe,1.0,1758.0,0.0,,,547344.0
170,163.0,Bahamas,34303,29.0,810.0,,32627.0,34.0,866.0,,85684.0,2023.0,235192.0,587473.0,400345.0,North America,12.0,494.0,2.0,72.0,,2163.0
171,164.0,Lesotho,32910,,697.0,,24155.0,,8058.0,,15136.0,321.0,431221.0,198323.0,2174341.0,Africa,66.0,3120.0,5.0,,,3706.0
172,165.0,Mali,31057,1.0,734.0,,30163.0,2.0,160.0,,1454.0,34.0,680242.0,31858.0,21352615.0,Africa,688.0,29091.0,31.0,0.05,,7.0
173,166.0,Haiti,30746,,835.0,,29651.0,,260.0,,2636.0,72.0,132422.0,11352.0,11665198.0,North America,379.0,13970.0,88.0,,,22.0
174,167.0,Isle of Man,28416,,105.0,,26794.0,,1517.0,,330869.0,1223.0,150753.0,1755330.0,85883.0,Europe,3.0,818.0,1.0,,,17664.0
175,168.0,Benin,26952,,163.0,,25506.0,,1283.0,5.0,2118.0,13.0,604310.0,47497.0,12723046.0,Africa,472.0,78055.0,21.0,,,101.0
176,169.0,Somalia,26521,,1350.0,,13182.0,,11989.0,,1585.0,81.0,400466.0,23936.0,16730805.0,Africa,631.0,12393.0,42.0,,,717.0
177,170.0,Saint Lucia,25054,97.0,370.0,,23944.0,186.0,740.0,1.0,135271.0,1998.0,143281.0,773601.0,185213.0,North America,7.0,501.0,1.0,524.0,,3995.0
178,171.0,Cayman Islands,24477,,28.0,,8553.0,,15896.0,1.0,364350.0,417.0,222773.0,3316061.0,67180.0,North America,3.0,2399.0,0.0,,,236618.0
179,172.0,Congo,24079,,385.0,,20178.0,,3516.0,,4170.0,67.0,347815.0,60231.0,5774671.0,Africa,240.0,14999.0,17.0,,,609.0
180,173.0,Timor-Leste,22890,,131.0,,22748.0,,11.0,,16758.0,96.0,265125.0,194104.0,1365891.0,Asia,60.0,10427.0,5.0,,,8.0
181,174.0,Burkina Faso,20853,,382.0,,20439.0,,32.0,,948.0,17.0,248995.0,11325.0,21986015.0,Africa,1054.0,57555.0,88.0,,,1.0
182,175.0,Nicaragua,18491,,225.0,,4225.0,,14041.0,,2730.0,33.0,,,6773491.0,North America,366.0,30104.0,,,,2073.0
183,176.0,Gibraltar,18273,,102.0,,16579.0,,1592.0,,542676.0,3029.0,534283.0,15867278.0,33672.0,Europe,2.0,330.0,0.0,,,47280.0
184,177.0,Solomon Islands,18174,,146.0,,16357.0,,1671.0,2.0,25287.0,203.0,5117.0,7120.0,718705.0,Australia/Oceania,40.0,4923.0,140.0,,,2325.0
185,178.0,South Sudan,17573,,138.0,,13514.0,,3921.0,1.0,1536.0,12.0,395064.0,34528.0,11441721.0,Africa,651.0,82911.0,29.0,,,343.0
186,179.0,Liechtenstein,17407,2.0,84.0,,17282.0,9.0,41.0,,454076.0,2191.0,102174.0,2665293.0,38335.0,Europe,2.0,456.0,0.0,52.0,,1070.0
187,180.0,Tajikistan,17388,,124.0,,17264.0,,0.0,,1749.0,12.0,,,9942360.0,Asia,572.0,80180.0,,,,
188,181.0,Grenada,17234,,223.0,,15969.0,,1042.0,4.0,151831.0,1965.0,161503.0,1422834.0,113508.0,North America,7.0,509.0,1.0,,,9180.0
189,182.0,San Marino,17021,30.0,115.0,,16723.0,43.0,183.0,4.0,499648.0,3376.0,152231.0,4468708.0,34066.0,Europe,2.0,296.0,0.0,881.0,,5372.0
190,183.0,Equatorial Guinea,15910,,183.0,,15704.0,,23.0,5.0,10678.0,123.0,320949.0,215396.0,1490044.0,Africa,94.0,8142.0,5.0,,,15.0
191,184.0,Djibouti,15631,,189.0,,15427.0,,15.0,,15398.0,186.0,305941.0,301375.0,1015149.0,Africa,65.0,5371.0,3.0,,,15.0
192,185.0,CAR,14649,,113.0,,6859.0,,7677.0,2.0,2937.0,23.0,81294.0,16297.0,4988433.0,Africa,341.0,44145.0,61.0,,,1539.0
193,186.0,Bermuda,14442,,137.0,,13945.0,,360.0,,233527.0,2215.0,903163.0,14604127.0,61843.0,North America,4.0,451.0,0.0,,,5821.0
194,187.0,Dominica,13752,636.0,63.0,,13188.0,723.0,501.0,,190144.0,871.0,199138.0,2753415.0,72324.0,North America,5.0,1148.0,0.0,8794.0,,6927.0
195,188.0,Samoa,12382,,25.0,,1605.0,,10752.0,4.0,61631.0,124.0,98999.0,492765.0,200905.0,Australia/Oceania,16.0,8036.0,2.0,,,53518.0
196,189.0,Monaco,12124,15.0,57.0,,12009.0,26.0,58.0,4.0,304868.0,1433.0,54960.0,1382016.0,39768.0,Europe,3.0,698.0,1.0,377.0,,1458.0
197,190.0,Gambia,11999,,365.0,,11591.0,,43.0,,4715.0,143.0,155686.0,61175.0,2544916.0,Africa,212.0,6972.0,16.0,,,17.0
198,191.0,Greenland,11971,,21.0,,2761.0,,9189.0,4.0,210180.0,369.0,164926.0,2895674.0,56956.0,North America,5.0,2712.0,0.0,,,161335.0
199,192.0,Yemen,11819,,2149.0,,9042.0,,628.0,23.0,380.0,69.0,265253.0,8538.0,31067004.0,Asia,2629.0,14456.0,117.0,,,20.0
200,193.0,Tonga,11500,,11.0,,10875.0,,614.0,,106522.0,102.0,535009.0,4955668.0,107959.0,Australia/Oceania,9.0,9814.0,0.0,,,5687.0
201,194.0,Saint Martin,10668,66.0,63.0,,1399.0,,9206.0,7.0,267288.0,1578.0,112382.0,2815745.0,39912.0,North America,4.0,634.0,0.0,1654.0,,230657.0
202,195.0,Sint Maarten,10189,,86.0,,10068.0,,35.0,10.0,232647.0,1964.0,62056.0,1416933.0,43796.0,North America,4.0,509.0,1.0,,,799.0
203,196.0,Caribbean Netherlands,10044,58.0,35.0,,9959.0,73.0,50.0,,376405.0,1312.0,30126.0,1128991.0,26684.0,North America,3.0,762.0,1.0,2174.0,,1874.0
204,197.0,Eritrea,9755,1.0,103.0,,9644.0,4.0,8.0,,2681.0,28.0,23693.0,6511.0,3639170.0,Africa,373.0,35332.0,154.0,0.3,,2.0
205,198.0,Niger,9031,,310.0,,8628.0,,93.0,1.0,349.0,12.0,254538.0,9842.0,25861559.0,Africa,2864.0,83424.0,102.0,,,4.0
206,199.0,Vanuatu,8693,34.0,14.0,,8315.0,28.0,364.0,,27106.0,44.0,24976.0,77879.0,320704.0,Australia/Oceania,37.0,22907.0,13.0,106.0,,1135.0
207,200.0,Guinea-Bissau,8246,,171.0,,8029.0,,46.0,6.0,4011.0,83.0,137803.0,67029.0,2055873.0,Africa,249.0,12023.0,15.0,,,22.0
208,201.0,Comoros,8100,,160.0,,7933.0,,7.0,,8954.0,177.0,,,904598.0,Africa,112.0,5654.0,,,,8.0
209,202.0,Antigua and Barbuda,7982,40.0,138.0,,7651.0,28.0,193.0,1.0,80253.0,1387.0,18901.0,190034.0,99461.0,North America,12.0,721.0,5.0,402.0,,1940.0
210,203.0,Sierra Leone,7682,,125.0,,,,,,927.0,15.0,259958.0,31383.0,8283469.0,Africa,1078.0,66268.0,32.0,,,331.0
211,204.0,Liberia,7455,,294.0,,5747.0,,1414.0,2.0,1411.0,56.0,139824.0,26471.0,5282256.0,Africa,709.0,17967.0,38.0,,,268.0
212,205.0,Chad,7417,2.0,193.0,,4874.0,,2350.0,,428.0,11.0,191341.0,11050.0,17316190.0,Africa,2335.0,89721.0,90.0,0.1,,136.0
213,206.0,St. Vincent Grenadines,6848,,106.0,,6641.0,,101.0,,61359.0,950.0,99409.0,890714.0,111606.0,North America,16.0,1053.0,1.0,,,905.0
214,207.0,British Virgin Islands,6690,,62.0,,,,,1.0,218549.0,2025.0,103895.0,3394041.0,30611.0,North America,5.0,494.0,0.0,,,4312.0
215,208.0,Turks and Caicos,6097,,36.0,,6026.0,,35.0,4.0,153550.0,907.0,512050.0,12895711.0,39707.0,North America,7.0,1103.0,0.0,,,881.0
216,209.0,Sao Tome and Principe,5982,9.0,73.0,,5900.0,3.0,9.0,,26370.0,322.0,29036.0,127998.0,226848.0,Africa,38.0,3108.0,8.0,40.0,,40.0
217,210.0,Saint Kitts and Nevis,5671,2.0,43.0,,5570.0,,58.0,,105194.0,798.0,70707.0,1311575.0,53910.0,North America,10.0,1254.0,1.0,37.0,,1076.0
218,211.0,Cook Islands,5543,,1.0,,5433.0,,109.0,,315051.0,57.0,18004.0,1023303.0,17594.0,Australia/Oceania,3.0,17594.0,1.0,,,6195.0
219,212.0,Palau,4967,,6.0,,4240.0,,721.0,1.0,272060.0,329.0,51089.0,2798324.0,18257.0,Australia/Oceania,4.0,3043.0,0.0,,,39492.0
220,213.0,St. Barth,4630,19.0,6.0,,,,,,466076.0,604.0,78646.0,7916851.0,9934.0,North America,2.0,1656.0,0.0,1913.0,,418965.0
221,214.0,Anguilla,3203,87.0,9.0,,3142.0,100.0,52.0,4.0,209950.0,590.0,51382.0,3367986.0,15256.0,North America,5.0,1695.0,0.0,5703.0,,3408.0
222,215.0,Kiribati,3098,,13.0,,2602.0,,483.0,3.0,25205.0,106.0,,,122912.0,Australia/Oceania,40.0,9455.0,,,,3930.0
223,216.0,Saint Pierre Miquelon,2748,,1.0,,2449.0,,298.0,1.0,478662.0,174.0,23787.0,4143355.0,5741.0,North America,2.0,5741.0,0.0,,,51907.0
224,217.0,Falkland Islands,1512,,,,,,,,411877.0,,8632.0,2351403.0,3671.0,South America,2.0,,0.0,,,378099.0
225,218.0,Montserrat,915,,4.0,,749.0,,162.0,,183073.0,800.0,12010.0,2402961.0,4998.0,North America,5.0,1250.0,0.0,,,32413.0
226,219.0,Diamond Princess,712,,13.0,,699.0,,0.0,,,,,,,,,,,,,
227,220.0,Wallis and Futuna,454,,7.0,,438.0,,9.0,,41778.0,644.0,20508.0,1887181.0,10867.0,Australia/Oceania,24.0,1552.0,1.0,,,828.0
228,221.0,Macao,82,,,,82.0,,0.0,,123.0,,5375.0,8070.0,666061.0,Asia,8123.0,,124.0,,,
229,222.0,Micronesia,30,23.0,,,30.0,29.0,0.0,,256.0,,21109.0,179956.0,117301.0,Australia/Oceania,3910.0,,6.0,196.0,,
230,223.0,Vatican City,29,,,,29.0,,0.0,,36025.0,,,,805.0,Europe,28.0,,,,,
231,224.0,Marshall Islands,17,,,,14.0,,3.0,,284.0,,,,59945.0,Australia/Oceania,3526.0,,,,,50.0
232,225.0,Western Sahara,10,,1.0,,9.0,,0.0,,16.0,2.0,,,625083.0,Africa,62508.0,625083.0,,,,
233,226.0,MS Zaandam,9,,2.0,,7.0,,0.0,,,,,,,,,,,,,
234,227.0,Niue,9,,,,9.0,,0.0,,5464.0,,,,1647.0,Australia/Oceania,183.0,,,,,
235,228.0,Nauru,8,,,,8.0,3.0,0.0,,730.0,,,,10953.0,Australia/Oceania,1369.0,,,,,
236,229.0,Tuvalu,3,3.0,,,,,3.0,,249.0,,,,12067.0,Australia/Oceania,4022.0,,,249.0,,249.0
237,230.0,Saint Helena,2,,,,2.0,,0.0,,327.0,,,,6111.0,Africa,3056.0,,,,,
238,,Total:,154077419,293321.0,1429892.0,182.0,146582176.0,396937.0,6065351.0,11372.0,,,,,,Asia,,,,,,
239,,Total:,100704653,75038.0,1470905.0,210.0,95363869.0,77086.0,3869879.0,7734.0,,,,,,North America,,,,,,
240,,Total:,57404770,18914.0,1297665.0,68.0,53361101.0,23686.0,2746004.0,10517.0,,,,,,South America,,,,,,
241,,Total:,195519629,68104.0,1837189.0,672.0,183912634.0,269973.0,9769806.0,7272.0,,,,,,Europe,,,,,,
242,,Total:,8396890,40193.0,11824.0,23.0,7908962.0,52124.0,476104.0,139.0,,,,,,Australia/Oceania,,,,,,
243,,Total:,12105072,2244.0,254620.0,25.0,11292531.0,4832.0,557921.0,960.0,,,,,,Africa,,,,,,
244,,Total:,721,,15.0,,706.0,,0.0,0.0,,,,,,,,,,,,
245,,Total:,528209154,497814.0,6302110.0,1180.0,498421979.0,824638.0,23485065.0,37994.0,67764.3,808.5,,,,All,,,,,,
